Fornecedor,Desvio_Padrao_Custo
China Tech Ltda,6343.500846417476
GlobalChem Inc.,7870.331227230714
Korea Shipping Co.,7906.606102266635
LogiParts GmbH,5078.529892471747
USA Tools Corp.,7537.107857678946
